id,followers,genres,name,popularity
0DheY5irMjBUeLybbCUEZ2,0,[],Armid & Amir Zare Pashai feat. Sara Rouzbehani,0
0DlhY15l3wsrnlfGio2bjU,5,[],ปูนา ภาวิณี,0
0DmRESX2JknGPQyO15yxg7,0,[],Sadaa,0
0DmhnbHjm1qw6NCYPeZNgJ,0,[],Tra'gruda,0
0Dn11fWM7vHQ3rinvWEl4E,2,[],Ioannis Panoutsopoulos,0
0DotfDlYMGqkbzfBhcA5r6,7,[],Astral Affect,0
0DqP3bOCiC48L8SM9gK4W8,1,[],Yung Seed,0
0Drs3maQb99iRglyTuxizI,0,[],Wi'Ma,0
0DsPeAi1gxPPnYjgpiEGSR,0,[],lentboy,0
0DtvnTxgZ9K5YaPS5jdlQW,20,[],addworks,0
0Du4t8UK1lBD8TnOIa3c17,1,[],Harrbazzter,0
0DuJ5k2ERoAizEdgUzJGTc,0,[],Helena Brunner,0
0DujX6vG6qOz2wVBCQg5Vi,0,[],Deezy McDuffie,0
0DvBSYDq5ikdlKgp94Yamq,1,[],Riyaz Azaimar,0
0DvvojCMIqsOT1Btiwvq1h,422,[],Sidonie Radio,0
0DxcE03jyjg3wQVHUQKx8C,0,[],Le Chamête,0
0DxsGcq4ILa7Ss2CmZfipk,0,[],Lipin. P,0
0DzKNJPHYPMaLDxDVEuznX,4,[],Breakingnews,0
0DzfuBZVzDryD5ZqKla8EW,0,[],TINY x dr.KONG,0
0DzvgthIK2nmlAPE0A2Uvo,0,[],Stan P,0
0E01IqK2Q0vhDHOrQHRoHv,0,[],Smockda,0
0E0SpAZoIxSSvBefCBLfUB,3,[],El Bago,0
0E0afUR6aObnzDTMvjMEuC,3,[],Kazuki Komatsu,0
0E0eEzoo3nfBf5efmw6S1Q,0,[],Omar Ferreyra,0
0E0n2GRFDjxWw3NiIAG8O3,66,[],Los Argon,0
0E1g9toY6vQ4ANdEWV3H2o,1,[],Uhmforcestare,0
0E2KoM6UMbdCUigMup7Mm5,0,[],Wemerson Paulo,0
0E2f4liezEM9Q9OpIovTXJ,0,[],Snathers,0
0E3abAxpm40VzlkhFxBhUc,0,[],Joel Tepp,0
0E3hfspo8Y6JaVY7hx9Dbw,11,[],Letters to Lillian,0
0E65ao0wq06lp4F8sQEsy5,2,[],King Cappo,0
0E6Aro4b963h7TPeChGIxO,1,[],Beppie Kra,0
0E6Fm3v7ftnQ9kIqfG5VRz,0,[],Valdo Reis e Platini,0
0E6Hp8xNT93q3ydBupYT5z,8,[],Semina Insania,0
0E6xQFR342J2GVLjQr774K,1,[],G Scrap Loc,0
0E7fAP8hg5YsmoqHEuPVN9,1,[],Thre3,0
0E80AIHqkMgmEbcCZiPwwY,1,[],Santy & Neko,0
0E8WJ6ltRtLTRhEQv3iNsT,1,[],Huni'G And His Band,0
0E8xqvEmMJQNbUMSZGYWh6,0,[],SEOBIN,0
0E9BbNtN2oExFDtFiVyyqf,0,[],Blacc Ops,0
0E9GBw9Q4QKswEISEnqamz,0,[],Zakaray,0
0EAIiKCDPXGtXEflUu8LIh,0,[],Uncle Alice Band,0
0EBhDCuHoIkatzCoqL3hTD,0,[],Digital Pugsley,0
0EDdx2mtOtph1rDexX7kO8,0,[],Robert Barone,0
6S3nAGEmdt4nhPrtBJ56Ga,300,[],William Pitt,8
0VLMVnVbJyJ4oyZs2L3Yl2,71,['carnaval cadiz'],Las Viudas De Los Bisabuelos,6
0dt23bs4w8zx154C5xdVyl,63,['carnaval cadiz'],Los De Capuchinos,5
0pGhoB99qpEJEsBQxgaskQ,64,['carnaval cadiz'],Los “Pofesionales”,7
3HDrX2OtSuXLW5dLR85uN3,53,['carnaval cadiz'],Los Que No Paran De Rajar,6
0CLwCkyQAQh3aaIVcDDOka,0,[],THELMA GARCIA,0
0CMj2r0cVxhFyJ7JKJjeuA,2,[],Koke Jc,0
0CPJ0OH0nNPyutuSDYxCjJ,13,[],Andre Rocha,0
0CQOV1r9SODIMxUKfBWN7r,49,[],Mitrasphere -ミトラスフィア- サウンドチーム,0
0CQnm2S7xXkfKAZBnQ3AuX,0,[],桜井のぞみ (石原夏織),0
0CYb1GLJyCd9YsDy1CyLaJ,3,[],N.O.B a.k.a. COCOSPIN,0
0Cat0Vcsy8IvLMHQYFpXmB,0,[],Luke Garison,0
0CcJoVb594zyyzV1gV6glB,5,[],DJ Cronic,0
0AZanUIYLgaLUv6JPKrOk3,0,[],Fairchilds,0
0FlEKY0DAdwVppVT51oeLk,3,[],Samuel Reyes,0
0FlIz3WjAXTExCeWD4A14G,0,[],Fnr Tez,0
0FlUvcVD3WSjL1cCx0Dp8E,0,[],Janan,0
0FmAcFoHbWoOIiJT8banyr,1,[],iamjustdrew,0
0Fmrf9QtehWo5XivMENtQ9,7,[],Jaii Peso,0
0Fn4AAkdzNJ8d6GXf3H92N,0,[],아응아,0
0FnMqa1dpreetgg2fRhgbY,0,[],Elise Popma,0
0FnegoCz1hBUwxIJ5eY7T1,0,[],Alykam,0
0FoCXmWSoIGHTWynzInGgB,0,[],"[,j",0
0FoIW5oXgJqe2qZv4bWHE2,0,[],Koo Guy,0
0FpAizL4ViVWwwxguaW7jK,3,[],Salvatore Gravino,0
0FqXFytrDEQneVZ66qKTQf,2,[],Black Jade,0
0FqzpHdzqDtTf69aBEQgi7,0,[],Dre Rozay,0
0Fr9aue7RrkljEiistJoxw,0,[],Jeet Fatehgarhiya,0
0FrKXkadGI9XIYtHWjsg42,0,[],Joy Farmer,0
0FrUyJMAY6I3W0OQQBjDcQ,1,[],Egrojj,0
0FriSDHrgYxYDM9Fwpxgx9,0,[],Insane Duchess,0
0FrzYPJCeWvJQasKGo1Njh,0,[],DaneTheGreat,0
0FsR85VYCi3F5W6gZmS3R2,0,[],KingKeyy,0
0Fso98ZlRTCBtkDomWdLdU,0,[],Sello Lephosa,0
0Ft8borU3EjHQnJdOI6UnD,2,[],Dj Formal,0
0FtbOQA0alUQSKQPEN7eIF,0,[],Setsuka,0
0FtcQko2Wq1Wz2ByA2hzly,1,[],Matth,0
0FuOtcekzQPV88pvwoWdrv,4,[],Javier Jofré,0
0FuWWsAZFQbQfUFhONI6pu,4,[],Kamlesh Rajbhar,0
0FubKw8QsNSjeGd6XZ55rx,0,[],Big Chad Daminko,0
0FuodMZtQAg59EcfcGsxDB,1,[],Starlin Browning,0
0FvnGcM4CRonJDq4vFmXbI,0,[],Jhayla Simmons,0
0FvsVWobzdZkG4DdovqSKd,2,[],Banda Arrepio do Forró,0
0Fw4jGXXHGWmSVGNatwqVZ,0,[],Htweezy,0
0FwQCDim58OUiXj9jcfsPm,0,[],若林潤,0
0FwRZNm6qVL1Lbq2dmWIqP,0,[],Archan Trivedi,0
0FwT5eGbftBUVsWAVLqf5p,0,[],Eniks,0
0FwfQahyfRMBfwS35GdXwL,14,[],Estodoynada,0
0FwpYhP41wVFvqUIzufbzY,0,[],Nouaamane Media,0
0FwyyQGLxYxavQyVUrBCYu,0,[],Flat Region,0
0FxgbHEKHPV4NUyXcr4uUj,5,[],Calvin Es,0
0FxhAfvCH5BCMAda7fH0W8,0,[],Tony Fcee,0
0KqbCJ52M2IeX9MZOQYFXi,0,[],Relaxing Music Playlist Artisanal,0
0Kr1sWSwNTv46gdNH1udlL,0,[],Bharti Prajapati,0
0Kr4BIMlQVjRalTBKbJQ6u,0,[],Ava Bell 5,0
0Kr56HcJFhJLcAaLWwxOUM,1,[],MellowSavage,0
0B1Yk8Wm3duNXMsUns1r7a,0,[],Mr. Masuka,0
0B1xlavPmlfLaytmmxjX81,0,[],Seductive Jazz Deluxe,0
0B2Hbk3PbHwWG987SX5pGY,1,[],Wowzaz,0
0B2SazkeE2aELoTYdrP0TT,3,[],MomoThabizness,0
0B2egobfEz4vuhXtGARf6U,0,[],Winter's Embrace,0
0B2jd6uGKVNIpowxnHH4rX,0,[],Jayco Brim,0
0B2z8yGCFIgtSZqRLfa98d,22,[],Amusia,0
0B3KhPH71OuJsEUYH5M3ah,0,[],Música A La Onda para Cafe en Mexico City,0
0B3KnObNDWKSz47DAGiMif,0,[],"2glockpop, Marketstbaby",0
0B3NE8MZszXGozdifpSq99,1,[],Za Uglom 66,0
0B3OaTKxteuyxtESPeiYIf,0,[],BeatzShack Presents,0
0B3TF8qPj1HJW652JwwXta,3,[],Adi Infinity,0
0B3b39Vu0cR5cEOLe2IOte,0,[],BELA B,0
0B3mPaK7YDs7YfAoaqbCin,0,[],BCA 3,0
0B3qKcTJ3I9cvqQJAKl4Xn,0,[],Kojiro Imamura,0
0B3qxQlp9muHNlIf5GwuUR,3,[],Jessica Strickland,0
0B3z2HkBKAYbJ02MGmy7dF,0,[],yurlocalgothboi,0
0B41ufpdRfR8aSUrED52GD,0,[],コーヒーショップラジオ,0
0B43vUzpw7rJIQf10T6o6r,0,[],V-Soundz,0
0B47rVVWS4gZSQqG5XYs1P,0,[],Jayram Kumar,0
0B485sWC9NXT6dyoXE0Fh8,0,[],Fcd Lil Willow,0
0B4BFze8UUPA1e0JdnT3Nq,0,[],Yvng Lonuh,0
0B4CfoGghSLfOoUN9724y5,1,[],Thajudheen Vatakara,0
0B4ECAcylVGW0z5lYNKH0m,0,[],Nate Aifili,0
0B4gli5I5cw6gVHfm43osg,0,[],Vijay babu,0
0B4hGc7tk3RUvTYaIyrsa2,1,[],Mello Maxx,0
0B4kGQALwjlFZOs36PVSxT,1,[],BIZARRE,0
0B4lsxG1vDuDwYLo93kJ1D,0,[],GUCCIX,0
0B4rYUMYtZqEPhBjpcrPpC,0,[],Korolla X,0
0B4w8JnSwntietSAmGY1pr,0,[],Iamnaturalblessin,0
0B4xWSHnbQHh34qbQpHKag,0,[],Jamoe the Great,0
0B4xkzXZumgmbomaSPPiB6,0,[],Chhappan,0
0B532ckP7k6dxUMDXQ5RtR,0,[],ItiOne,0
0B5FKB96h6CZ7PAx5w3hpO,0,[],Sergio AKA Mr. Magic,0
0EunAJmKXLqZlvxhYDgP93,0,[],Rich J,0
5bKSpGcoMqXQThrsuRGgdl,0,[],Achala Sachdev,0
22mLrN5fkppmuUPsHx6i2G,59,"['classical harp', 'harp']",Vera Dulova,3
7DLDYPMRJ0NFPcBTlg04DE,187,[],Guru Dutt,2
1OCPhFtvkZDLUJJkrJfD2G,155,[],The De Castro Sisters,8
4PiJnql6Z3yQ1okaLjPHpD,12,[],Orchestra Sinfonica,9
7eXSIjGrfSvF1xDDIJwBxC,0,[],Teddy Stewart Orchestra,16
1OsJZxSshQD4BCg1VtwxsN,155,['classical contralto'],Anna Larsson,19
5JRTWjFYThNR99D7IOEmn0,106,['british choir'],BBC Chorus,16
1QWmCjjcNmh4kzYX1Q9VFJ,1691,[],Mariachis,6
4sTTEheJxmjwv9TmrHOaPz,288,"[""children's story""]",Honor Blackman,15
3PJ8OSq1gHjL4CIyn1S2bR,265,[],Andrew Brown,16
07l4IjPHWrdFqxDd68UNIJ,893,[],The Rocky Horror Show Ensemble (2000),27
3iJQfxx1txyDedbjCf6wD7,219,[],Ustad Bahauddin Qawal,3
3zQdpHMTdJnV4aCzGqCBYK,3918,"['classic persian pop', 'persian traditional']",Javad Maroufi,26
17OXC3oLAPMOQwqmzcsoxo,735,[],Karen Peck,22
18A0k2YX3jZYBrKz1h0Fp4,265,[],Stavros Ksarhakos,19
1pCXaoB8RV6mkcasIuqrsT,907,[],Stephen Hill,27
1RRQMvuWQBNWAMVWLIgCLj,1185,[],The Sign Posters,34
7frYUe4C7A42uZqCzD34Y4,53636,"['desi pop', 'punjabi hip hop', 'punjabi pop']",Sultaan,53
6acbdy69rtlv8m9EW31MYl,72684,"['afro dancehall', 'afropop', 'azontobeats', 'nigerian hip hop', 'nigerian pop']",Phyno,51
72578usTM6Cj5qWsi471Nc,248568,"['filmi', 'indian folk', 'indian rock', 'kannada pop']",Raghu Dixit,52
4rK6HLvoZhLFUTcUhG9WfC,5644,[],Deacon,52
6iv4lysB1yHXoZJ2gfqTdh,786,['indian fusion'],Shashwat Singh,56
7b6Ui7JVaBDEfZB9k6nHL0,701766,"['desi pop', 'hindi indie', 'indian indie', 'indian rock', 'new delhi indie', 'sufi']",The Local Train,57
1lNpPgcIPULhVgDxvI7xLs,4196,['russian electronic'],Monoplay,32
0tuUIxmkyJOzUoJO1kdAi4,123,[],Haile,37
0YdFvpH7MvXv5vBsfGvt7g,1009,['swedish electropop'],Alice Berg,41
2m7KAO7EiviB48ITkqTotr,26438,[],Gym Music,31
4bvGDTEPFnllKiJaEZGuXk,6395,['indian folk'],Achint,49
6SdRVw4NGUDFrTbWHXaUbH,30651,"['khaliji', 'sheilat']",Abdullah Al Mukhles,47
5wJ1H6ud777odtZl5gG507,211174,"['desi pop', 'modern bollywood']",Vishal Mishra,66
4qYpTEJThZ8FC8KzyFrSWW,24992,"['afro dancehall', 'afropop', 'alte', 'nigerian pop']",Boj,51
1AavJbrmyu2LqJRUmR05RY,3410,"['environmental', 'sleep']",Ocean Sounds Collection,59
4lEAIuvfZ8flvAGsW60HUH,0,[],Bangi,0
2jrGv71f6bOVIdjjlMqLm6,1,[],Sanaya Pithawala,0
61z6JxRffr86Z3eE7wwZzI,14,[],Shouvik Roy,0
4jewzLVqdq1ErwLbkbqNoq,11,[],Project Assegai,0
0IyY5dakn8JaMv8Ws5gpXT,0,[],Adel Munkifunk,0
0KaPJHsKvNia6fikixXV5q,1,[],Yasin Shahryari,0
2k7xLhBSDkF9oWJCQQG4Ka,13,[],Yahya Boushehri,0
7rVV9d6vc4FLT752uRuk71,14660,"['desi hip hop', 'tamil pop']",Arivu,63
0n4a5imdLBN24fIrBWoqrv,328492,"['opm', 'pinoy hip hop', 'pinoy r&b', 'pinoy trap', 'tagalog rap']",Because,59
1A50WG4Xi1IWiaqnUXYdoc,342,['kuduro'],Wild One94,12
1PaOP8AnQ8Le1tm4kIuA0d,80,[],Good Day Paradise,0
1doV1JYPVtwxktCps2w8H6,3,[],Kamal Aziz,0
50zgSRlFGAha6L1tLNIpZx,13,[],Colis,0
6MWn9V7F0sGZoDkClzrUDo,124,"['australian hip hop', 'australian trap']",Badboyswiss,9
7t2lAixMNcR1xtXCLSH2Kb,4,[],Glenn Eddie Meul,3
08mHDZy0H8LT2Aj5HwBi2G,8,[],Rozay Blixky,11
4YIOi9aFNviV1jRQeiNZgO,26563,"['afropop', 'azontobeats', 'nigerian hip hop', 'nigerian pop']",Reminisce,40
6NjoujvRrhFcnt9P3U1n0l,104,[],Mountain Climate,1
3akwWGeTOYIfbgLjNoZktj,105,[],Oscar Monreal Y Su Grupo Zorro,8
0ELuC3BNDALRmyfvSCKMUe,0,[],Blacck Ice,0
0EMOUM5aedmf43v8k4Iscn,0,[],Crusadez,0
4gdMJYnopf2nEUcanAwstx,103905,"['hindi indie', 'indian indie', 'indian singer-songwriter']",Anuv Jain,58
04POExMWjZF6Swukc3qU5P,8,[],VenomBeatz Official,0
04QmzBG3uDZhlColnM9zMD,0,[],Brown Noise Shushing for Easy Sleeping,0
1uqeg7CDizhaLOzAAZuIua,0,[],Siga Nu Betul,0
273uUd9o2PTOauyyk2Svbv,0,[],Fahad YAF,0
301lG1ScOXGVn9EWoUZ4vB,1,[],Francinne Misaka,1
3K2zJlW2gvWEasfCd5Xija,2,[],Cicily Abraham,0
4BQ7lj6hkAIGutjpVBoKmL,0,[],Tonoko,0
50zzW58thQSMnrsuwzlCwC,0,[],Manjit Kartarpuri,0
59FlPOf7mOc3hL87EFmDf1,9,[],Aayush Mann,0
6aLeiCZ1deolYaOHBMWxoP,0,[],iano Ranking,2
3r0NbTTxtCBUyxcIR4prXr,66016,"['pinoy hip hop', 'tagalog rap']",Jr Crown,59
25A5LqeSK0yH4ks5fGxbI2,426,[],Sava,63
6xNUn9epduXbZmCgsxutSx,1720,['uk drill'],BM X MINI,63
0gPYmulHN3cgyEcyHqs8ba,7,[],Jamilan,0
3EmxfPhGOU6gqMpJJesxCz,3,[],Collins Efe,0
3ZRQIGHJBTcazpAR08Ewx8,3,[],Eddy Raveland,0
3Zo0v9oP1wANLZFC6L7GwJ,1,[],Gulfam Mustafa,0
0dmerIRsQbjUtYkXgvYo6V,0,[],Sarfaraz Khan,0
0odOKN3NjlNxypmdALlHE8,8,[],HashemMalkawi,0
0xuBublHjYVqDWg1gnyfi5,1,[],양남진,8
0y1o7uM0ES2vWXs7uwcHaI,3,[],ДОГГИ,0
13jtsTg2mY8uIrAO8kawTG,0,[],BoyEMJ,0
1G9ZLWujUd4e58V7IqbBus,0,[],iSamuel,0
1T1iY8Rt1VHKRoO2dDCBVJ,1,[],Jyotirmayee,0
1o0WrmMKbUfgfQghod2QJH,1,[],Ibrahim Aljneibi,0
2KewEocognk3bL1lQZe45G,10609,[],C2d,58
2al4J14a2Q3LJHaxPJfxhA,24,[],Bumby,0
2cu8gKkDy2b50NmHa5hYjb,0,[],Unkn0wn4rtixt,0
2gGFFoizdSvguephIKTOEN,41,[],wasted talent,3
2qqnruS2pDbFA4lOJgu2SX,0,[],Parth Srivastava,0
2u3rCmZ7YBfEeq6p9I5kYD,4,[],Murder Key,1
30r5AIJ2ivyhBNz2akSAhU,23,[],Malik Antoni,0
34gYMt15Ki20Ie421g1QCF,2,[],Jaan Dhammi,0
08MZjMj5fS2BWMykxI6Q6c,33,[],Rania Kostaki,24
3PYnSZxzWOF9c8caH1JvUG,332,[],8ll,24
0siMGW0usKCoFTh5kyZIZ4,124,[],Benja,24
2XTg7bjSS6aFDPzJyCZH2D,10,[],Donalds,23
76GU6UN33eZc7fCVRZ2oJW,158,[],CJXY,23
7793uzhLMLFDClV4Imd6G1,841,[],SNOWPACK,23
4JAaeZsXOEyueMTdx5FFL2,10,[],Hakob,24
05TM6Glg3rhABPhe9KTzLu,14,[],Quadrilha Santa Teresinha,1
05V4K19VvMTwj93U3MTXdb,34,[],Sinapsis Band,0
0E3BCiUrbtxnDXNNccE7cq,0,[],Lev Kuznetsov,0
07mT0QkQqhgqOxJNiHytA0,1,[],Чиль,0
08ALfZ3DZyzOpVqkzjL4CH,13,[],OG PoohDollaz,0
08M5IPuCaZ9h8NrRXTfBZp,5,[],Nasa Nico,0
033ILCMVViJcj4qk0KStDa,0,[],Prabhleen Sandhu,0
0349sopNfpgPZ922ysfsy1,0,[],Madken,0
034I93yj4oItrwW0YK6HWp,173,[],रिंगटोन,0
034LKuiaTdmNJpnlJp2sr9,0,[],네임제이,0
036si8vS5Gb2pj5QKRdu5i,36,[],2-4 Grooves feat. Flip da Scrip,0
037VJ1rGCVBQksogfn07JG,0,[],Rosero Emil,0
038Pw1X9k2uCQ6m9HiTiXM,19,[],Wooden Rings,0
03Bxo9Qt5Ylcc7RiPzVpcM,5,[],Raimo De Felipe,0
03CRSehxfaNaAihy0pIVbd,0,[],Aera Cura,0
03FUQM1Ol7SIFdPpr0oM4m,1,[],Debbie Loh,0
03HPzTbqd0OO6XO4cYqt0O,0,[],Bull Tribe,0
03HbS9oxb1JLEwKxHw6otY,1,[],Rutger Hoedemaekers,0
03JHiSK5tUWdqkAYpJDmZg,5,[],Stories In Trance Presents,0
03JdjsuXlR9CncfUOOuMte,6,['indie hidalguense'],Panic Sweet,0
03JxQEdQvIOO8rYtJJCPos,0,[],de Kompeneej,0
03Kfpd38tmOZXWjSjKpwPJ,1,[],Cetali,0
03Lht5Xxl3AIDEBwCusFlA,6,[],Sandor,0
03MuqwxKmmIQlhn4f89Qpj,10,[],Jesse Mariah Williams,0
03MwriVfmk4mlfWZEwS8M9,0,[],Istvan Oszkar,0
03QCtbsyT4U2DtBDUPLHxG,13,[],Girgiti,0
03TtPiRLDr8tb6VuAPtuW3,0,[],Nina Kaliuzhna,0
03VgyS10PqFiiFmhCOvggC,0,[],Boski 3x,0
03Wde4G1lgw3EvkrnkMpEC,0,[],Calvin Wilson,0
03WlegOJiCENpv2E1QV9Be,0,[],T Maja & L.O.Y.A.L.E.,0
03WuHJBU1bQ2OvTGBLXpwX,0,[],Safeer Kollam,0
03WwbwduAlGHE7n0GbkBQF,1,[],Nikša,0
03YEJQFbUCWKwhw6QPCy2o,34,[],This Place,0
03YmZ0PDZ8dlq05F0ojWV6,2,[],Färdas,0
03YoTLzmKtrgbr9irM1DuK,15,[],Ostaba,0
03ZTIC6rQ44auEYoNEjflu,4,[],Uvaldo y Sus Cautivos del Norte,0
03e9Efpg1iuZFHpf3WfFbp,0,[],Vjoletë Kukaj,0
03fsmnfmijO6LDwTHkt4pK,0,[],Asså Charris,0
03gr0xqWUs03XDEmTT5BwE,0,[],Jacob Ambadan,0
03gvKThXKpD4fFdnEh4lrP,0,[],Chandermani,0
03l93VbLR8FF8ojDDrskji,0,[],Angelina Segura,0
03liKy3E1Il66TXcMSssNn,0,[],Shonna Stallworth,0
03ouMYEy4CuGIKCTNZTYwW,0,[],Traffic Anand,0
03piJrxzd3ciKtzyJbjk90,1,[],Tsabeat Vs SpazZz,0
03sJt5CJA0Yrkn02lKwNyG,1,[],Soundcruz,0
03sL1097NXrT3uwILAyQCZ,1,[],Eric Beasley,0
03uP1bHH1m41GxKccZB5xt,0,[],"Kirbside, Ray Ray & Grove",0
03ukdMKR6oWA6seWcjGYwo,9,[],北沢麻衣,0
03vSrSMuitOlgLoA6WT6Jx,0,[],Rabi Bagdi,0
03wwKnLmXEoLf1wyVbJO49,0,[],Sukumar Burman,0
320IRZ1nffhXLLcs2CSX20,56302,"['comedy', 'comic', 'haitian gospel', 'new comedy']",Anthony Jeselnik,48
04hZpWafiOIBBaSNws3biT,0,[],Mi*izu Orchestra,0
02Wui4dSNtotPNty9KujjS,0,[],Raphael Lafayette,0
0F55iBmNDhfNY0D8bQJIWN,0,[],Kaiia,0
0HVd2NI0cxifx2L5SgoDw5,6,[],Amahiru,0
0AXhzThzJNWlDkz9i5wt8k,96,[],Antoine Gibson,0
0AZ2SjFG74wuRFUp6PDgAE,42,[],Max Redding & the Dogwood Gospel,1
0AbA7z4tGnjQiES3nNnJj1,4,[],Stroke,0
0Ad9EFd1mxpINU0zZsnBQP,1,[],ボールプール,0
0AdHVkcWZUOeDHywvKw9Xa,0,[],KINGPIN SILVERBACK,0
0AfUbQ4javJtqjAvEMKBFK,13,[],Shawn Musiq,0
0AgR3ydxfJYRUKF6grHQuS,1,[],Jose2x,0
0Agu6yBJdgSHN3OXfsMtBd,0,[],大玉阿哥,0
0Ai91vAFNWZxhn9vJ0PAP0,1,[],Dj Max El Legendario,0
0AiSweXW1fLs2CcWLpdg52,0,[],JrZy,0
0Aiuv9sTlpR4KaGu3eWnPw,9,[],Araz Rafail,0
0Al1neo11fixKK41diFws6,1,[],Ray Of Sound,0
0AlYvYUBLgrXxwJl5iUlNd,125,[],Sophie Scholl,0
0AofXsKSQ8CuxHl2phmbTb,1,[],Conyer Clayton,0
0AppEYK0ilWWZfXZGXMTzY,5,[],DeeOhh,0
0AqWL048HfFLKxZPKSq1LU,0,[],Slick Series,0
0AsBgDAOTvlXe5e0vHeA07,10,[],3am,0
0AsR2x9XkqoauFn7AsOzjb,4,[],Rickdiow,0
089mK3lSTjTt3NP1EYnHUT,0,[],Massimo Degli Innocenti,0
2vGy3RFedNqAMIk4DGebnR,2,[],xde,5
3LrK8cGD7FQaktvzvaAR3s,2,[],Baks Bondy,6
3dzTImUFRRJUNUFiuu0Tzr,41,[],LocallyCopped,5
3oI750OHVcgb1Pv3zaB7Xy,46,[],Tom Jeffrey,7
2mnD3lfc9infcjV6vHIV6b,9,[],La Roscada,0
6ML6W6KnWuN4PhzVRDI3PA,706,[],Charles Stanley,3
38wtgSBaCeiA3hxkWuYvwy,164,[],Uama,1
2TPSrYAEwDwaru13NuJYVI,4,[],Dolores Cava,7
1gjDYTQtjIUuGBOLnwjz96,73,[],Victor Carrión,9
4662l1ZmSwzD5gDGF0I5uu,165,[],Brusa y los Bombones de Murano,6
3aqU2gqfD0iH93x9KcmT3B,395,[],Don Carlos,16
6hC3tI1R7sHgplEYPviFZY,342,['vintage tango'],Carlos Acuña,14
0ILH1dJHi09i2y3kfnj81w,332,[],Leopoldo Federico y su Orquesta Tipica,13
1QeDg5lxB9DDmYpEDeCSqU,1513,['folklore argentino'],Adolfo Abalos,9
4YodKr9jquVtUcSmB0gQEf,1338,[],Jorge López Ruiz,13
2VhvpyL5hj1YE4SYvIsUks,760,['folklore argentino'],Los Andariegos,12
5cXfFsNEAbnAyDBb84sZ9J,813,[],Grupo Vocal Argentino,11
7AGlWsIaI9UeK7XxvUDpcC,419,['villancicos'],Los Arroyenos,15
7k6w5wp6OqLPchrLXo6RV0,3603,['house argentino'],Elio Riso,27
5wkCcDqHUaJbR79G5rEEpL,3920,['rock nacional'],La Cofradia De La Flor Solar,13
0Ow3u7upUsqBVCKjEDYWBs,1798,"['blues latinoamericano', 'rock nacional']",Pajarito Zaguri,11
0XRtBMgyBDVmBKAR2mqmR4,2421,"['tango', 'vintage tango']",Sexteto Tango,14
2Q594S3OGe8r6WFITrtuXl,84,[],Juan Ramon,16
6AETRCQep85mUtIlX7BaFV,20203,"['argentine rock', 'rock nacional']",Color Humano,25
6lnMsBUq3n28HaxwRJdXUZ,55,[],Aldo Kustin,27
1XSVGwcOBIdSrcGp4gRSgL,3250,"['blues latinoamericano', 'rock nacional']",Claudio Gabis,19
47fpeEBmobi7jkLjy4Kf0p,25456,"['argentine rock', 'rock nacional']",Miguel Abuelo,27
2MvoqSSTigBbfXWoSHGtgj,3055,['rock nacional'],Alejandro Medina,18
0PyBsZlcv8KxT5BsBFnmwG,788,['tango'],Domingo Cura,22
4LoFcBNitqIC130rvzS6BG,14494,"['argentine rock', 'rock nacional']",Porsuigieco,25
3PN8odvj48fnALdAsCKG3g,10400,"['italian progressive rock', 'rock nacional']",Crucis,22
4qZeDZdBD3NiWVbkwX2Lpx,8401,"['argentine metal', 'latin metal', 'rock nacional']",El Reloj,20
57MNR6CKk1DURSMxF0TO7H,1946,['folklore argentino'],Orlando Veracruz,18
4okirS2wFnoVYH60wFbiuL,713,[],José Angel Trelles,17
1KPZ6yhG9iPOvA9ibzhvNX,247,[],Los Desconocidos De Siempre,20
6MvkFggWB2axNMRTISUOtr,1090,['musica andina'],Markama,16
39L2IfsSnte3Doy2yYyl9j,640,[],Enrique Espinosa,15
5b0UnnfFNudJBMFuvit4fT,820,[],Banda Original Columbia,25
3lXtbYD0IVuJUKEtqBFcvF,3805,['folklore argentino'],Liliana Vitale,18
29ruXKXBILdJvUe4stHvFZ,2378,['musica para ninos'],Pro Musica Niños Rosario,19
47CI3rPwwFOaUBq5HO1WEl,1241,['vintage tango'],Raúl Berón,28
612uwtiluu8mTvdLAEljQh,620,['folclore santiagueno'],Los Hermanos Toledo,20
1KPVSiQyrvH7y7QTYDSqLC,179,[],Daniel Fumega,30
42MtvWbpLboJmThRItMWSZ,7635,['classic venezuelan pop'],Cecilia Todd,25
4TbICkHjrC2B8tMO74P3w4,2269,[],Victor Velazquez,18
7CZEgK9uHbpW0RdfbWRIQC,4422,['rock nacional'],Ricardo Soule,18
2ApYZSCRExRk3TR9qnENt4,531,[],Helen St. John,31
49UpIRD1s5bMEhbYYTnqUD,1467,['post-punk argentina'],Sobrecarga,21
1Fsg1SqM5QShVWZbjjYPx8,983,[],Los Príncipes,19
2OL1Rpd8YwI243JOKhC02L,2504,['rock nacional'],La Torre,21
0XLhfP0Nt0IYLLKqfWjnbb,2345,[],George Kranz,36
4O9CBbbUVZdaJ2iUdDy7yw,1911,['musica para ninos'],Conjunto Pro Musica De Rosario,24
0Ar8n2Mvgie7KTslXgb8lH,2832,"['orquesta tipica', 'tango', 'vintage tango']",Angel D'Agostino,27
4LcVOgiAzJlIZJk5gFa4yu,2821,['rock nacional'],Rubén Goldín,20
2xbIkKN0Yzb14N9WTZWtD2,4381,[],Las Primas,24
04eoPYzcEUkOi9dyDYYUIk,172,[],Orquesta Tipica,25
3IprieiPDB9fKuhL75Shhw,1653,['folclore santiagueno'],Los Caimanes Santiagueños,21
0DQ9JcIWMGVzlQSfCVK4oN,28437,"['neo-progressive', 'progressive rock']",IQ,37
6h8PLh7ArvvIG7ZD5g32yu,14918,['puerto rican rock'],La Secta,26
3OkzP6mHHksPsxgeamVMB4,7228,"['folclore tucumano', 'folklore argentino', 'guitarra argentina', 'latin classical']",Juan Falu,28
1xHheWkVnBlDTdIzStgfsz,1713,['folclore tucumano'],Los Paz,23
6SJWkXWEisHoGm8wecsFNs,2067,['cumbia santafesina'],Pastor de los Santos,23
6c9FzXhLIBgreWOkqdPPH1,335,[],Carlos Gianni,25
4c6RPvqSQZ0OwpNEQrgjVL,1070,[],Hugo Midon,25
0adliEy50Ij86IB3rXlR1m,951,[],Angel Mahler,27
2qnTUTsuypizIuMwVM1ffR,6947,"['chamame', 'folklore argentino']",Los Hermanos Cardozo,28
27dKaYrD63Sjj3H8IlGMcV,8933,"['chamame', 'folclore santiagueno', 'folklore argentino']",La Chacarerata Santiagueña,27
6JogLFS7BAeUUE7DBgOOVb,7329,"['charango', 'folclore jujeno', 'folklore argentino', 'world chill']",Jaime Torres,30
37u2QUmBNw4I8SYy75mzfn,2663,"['chamame', 'folklore argentino']",Orlando Vera Cruz,26
3juLGrDGl9tPVXCSCdR1RO,4668,['cumbia santafesina'],Los Cartageneros,28
01FkCqvSAE5mBeTz5QQsx3,10690,['cumbia santafesina'],Omar Shané,26
4aCWTRWrh5lyIaZTVCP6ja,6084,['argentine metal'],Logos,30
6po2f29ob2NrxTHXbsSS9i,12212,"['argentine indie', 'argentine rock', 'indie platense', 'rock nacional']",Peligrosos Gorriones,29
34eYFWakij77TEwhJNTklb,3829,[],Heroicos sobrevivientes,27
4YujyddKSDZt6gpAesPnEB,9745,['chamame'],Kalama Tropical,26
5SAeZRhgmJhgq196BR1Mna,9642,"['folclore salteno', 'folklore argentino']",Dúo Salteño,31
26Omu9H1XR7cBoEYrMD9gF,5953,"['argentine rock', 'rock en espanol', 'rock nacional']",Alfredo Casero,30
05aqPZGak6jQkKZHoXkO8E,2085,[],Adrián Maggi,28
1CL1NnuyndaL52YgyPVL73,262,[],Mariano Martinez,29
3UmO1Acb6OVGSfiLnYe69n,7264,"['argentine indie', 'post-punk argentina']",Suarez,31
1wELOF6Lb5TckxS5EiiQZe,10689,"['argentine indie', 'argentine rock', 'post-punk argentina', 'rock nacional']",Don Cornelio Y La Zona,35
28DInKJA1f9LhVK1LqMaHW,11351,"['argentine indie', 'argentine rock', 'rock en espanol', 'rock nacional']",Los Visitantes,33
51NO7YnhSgC02dyIi7QaBp,135,[],Cianciarulo,33
5jKPFZDOdSKFeRN5HRQGGx,7227,['cumbia villera'],La Fuerza Joven,32
0rLocKMoxKHy5NB9lHuWPO,62,[],Chuck Jhonson and Juan Jose Burgos,38
5gsO56QyXQBJXyI1YAHtEl,0,[],Fredy Zabaley,33
1p9IEVolgFCEjlFwEGTjPG,7489,['rap underground argentino'],El Doctor,34
5FWTu1MZdB5fjKif2rZldJ,117070,"['dub', 'reggae', 'reggae cover', 'roots reggae']",Easy Star All-Stars,52
4fARNbsdisPYTZtwYzAayh,12717,"['cumbia santafesina', 'cumbia villera']",Simplemente Naguel,39
0bWJRk7RVy4BSt0S8S7fTJ,9189,['cuarteto'],Santamarina,32
4arvU6IZ9iiulbCZPiO1GB,29522,['cuarteto'],Pelusa,41
7czgdE1A5cjIIp5J4qtANj,14527,['argentine punk'],Sin Ley,37
7tqwTqZQXmwtlvj4WdsGUe,36994,['cuarteto'],Banda Express,35
0Ju8LutOzYuBpC3XtwcLZa,18307,['cuarteto'],Fernando Bladys,35
24rWeSxIXfwzrN8Ho7Hdtv,25321,[],Los Continuados,44
3NJ2rCIzLmZpmB4RF1MbHC,7,[],Sergio Oliva and Freddy Zavaley,42
5U4f1gmVVLf0uhhcg0mJA9,14747,['chamame'],Jorge Véliz y Los Santiagueños de Oro,37
6xMl3RdLTAyEsrMOIvZ1Jn,3534,[],Gastón y su Grupo Santa Fe,36
3zDNMwCfVORx1xwo6DGBlp,6352,[],Roque Narvaja (F),36
2qMYZt6h1KkH2OxwI2tOo6,15767,['argentine rock'],Ojos locos,33
4crE1FjbdIpLTdrbzCZmuS,12456,['argentine punk'],Loquero,36
5LHQ1qT7a40nru7posVNxz,1912,['musica para ninos'],Sari Cucien,41
7jrhpOLZv1IDPEUcIVYZ5Z,127,[],Sexteto Cantábile,33
1Sbn533a3TmseHmdYtGElm,8995,"['folclore santiagueno', 'folklore nuevo argentino']",Orellana Lucca,43
3e10QpiUTMOykbAe9AAkbn,20355,"['argentine punk', 'argentine rock']",Mal Momento,37
6xuqRCyuv5XGpNgC74ynim,28521,"['chamame', 'cumbia villera']",Koli Arce,36
0hjh0CtlHZMyBcu4e8y8xW,19316,['musica para ninos'],Panam y Circo,38
7KTtecVDKYpIseUdqdNDpd,23932,"['argentine rock', 'rock nacional']",Zambayonny,34
1MDbZWN49HRGDTkcIKTT54,16987,"['argentine heavy metal', 'argentine metal', 'latin metal', 'latincore']",Plan 4,33
5V3p1FHktSmZSGyfvSGdhY,24147,"['argentine rock', 'rock en espanol']",Villanos,32
3RKWrEVRl77uOIUxpy1lEC,7232,[],Diego Frenkel,32
0P2q6xyNc2hVFkG3ThjYcJ,74822,[],The Magic Numbers,45
6P7mWyfrVRNgrd5DWjgkAp,8737,['chamame'],Los Majestuosos Del Chamamé,36
2OHC8FLow0MAt62MoMRzZk,263,[],Manuel Moretti,35
09EcsyJqVbqPZRzwfs1pyc,17747,['chamame'],Jorge Veliz,31
7Ij3qRinMFtEpzRghKIHtE,15567,['cumbia villera'],Sexteto Imperial,33
7aFWI1ooewKlAlMparvoab,27481,"['argentine heavy metal', 'argentine metal', 'latin metal', 'spanish metal']",Tren Loco,33
5jVIKY4wYJj5fRqrbVWs9y,8544,['trova'],David Filio,44
19rOxCu2QBFWvgQbdcpzcr,727,['comedia'],Gato Peters,33
72l6wuv5Ic1Lm9yAMayCKx,7573,['musica para ninos'],Mariana Baggio,36
4QWL4JzrkjNABALNa7uwWs,6508,['argentine punk'],Los Mentirosos,33
1ga5jO5WHSc52U7aLHjgMu,4837,"['cuarteto', 'musica blumenauense']",Orly,32
0FtOEaKA25lR6G48iP1Jnt,22183,['cumbia villera'],Los Dragones,43
0EHTNOyiEIqOIkE5tlnV4u,8991,['argentine rock'],Nagual,35
1CPCudqABxMYzF2PFEfQme,24145,['cumbia villera'],Media Naranja,37
4CacTDAcLCUIscmGzoQE4z,2042,['folclore salteno'],Mariana Carrizo,33
3KnOrIiRxuOpbrsEu3fs4g,434,[],Ariel Ferrari,30
6VBeD0MxrxKKw7FDK8FwhB,783,[],Ramón Ayala El Mensú,30
3j5RvqYJKTwcBFebeRNrxW,8018,"['argentine hardcore', 'argentine punk', 'latincore']",Da Skate,33
4RWsSjLE6TMBwdYzHj2NiO,10424,['folklore argentino'],Sergio Galleguillo Y Los Amigos,35
4mG70wQ5qWBs9GogyP7WuM,18931,['cumbia santafesina'],La contrà,37
1Lw75bAtvyN31qYzmjgMMb,2093,[],Franco Barrionuevo,32
5YcTv2UEkzSdBgDUlCHSya,4614,['chamame'],El Suppe'r De Oro,34
0tYVv9vrlHfjeHJ3urhfuu,4153,[],Eclip'c,29
62b29phHmw4APV3xe26cco,9,[],Luis Paredes,28
0SJy1J0FgP21lbvGBMKT8H,117650,"['chilean indie', 'chilean rock', 'latin rock', 'nueva cancion', 'nueva trova chilena', 'trova']",Camila Moreno,48
7c8SVvHiXiEY6f3H7M6BcW,13232,"['folclore santiagueno', 'folklore argentino']",Facundo Saravia,35
4VV2QFCzOG5Nxisme12B0b,11471,['cumbia santafesina'],Freddy y los Solares,34
5B8x8r9gHNj8pVqc8sWQyW,3671,['cuarteto'],Heraldo Bosio,30
1vJHAIU4DSvj4XipPK3IR8,17733,"['cumbia pop', 'cumbia uruguaya', 'plena uruguaya']",Sonido Cristal,40
01wwxIe4Qgb0a4PCfzBjsf,8705,"['argentine rock', 'rock nacional']",Palo Pandolfo,32
6YbPwijYI1KH2v4aPzAORT,11369,['rock nacional'],Suéter,32
5D0gokMddmKF1D8yLcNVnP,1338,[],Jorge Herrera,33
5VqFyx1HDLsbf0bAK0K7Oa,27699,['cuarteto'],Megatrack,34
1PvGlWWeeIvW3xeTjAZxda,7286,"['folclore jujeno', 'folklore argentino', 'folklore nuevo argentino']",La Bruja Salguero,32
3ZsohZm3TsffH1MmUNrK8G,34757,['cumbia villera'],El Stylo,35
5BQDGBWMoSYmYQuABh7JP1,24532,"['argentine indie', 'latin afrobeat']",Morbo y Mambo,38
09uueXvOHlHbzABqbbYbwT,36909,['cumbia villera'],La Banda al Rojo Vivo,35
0uITrMC16Eg9bbPu0PNfzk,14366,['cumbia santafesina'],Grupo Alegria de Santa Fe,35
4ktjqLotjs95qQfTLLmc25,2293,['coverchill'],Groovy Waters,43
19fFXKAVON44FeIBScDl9j,3383,['coverchill'],George White Group,45
2TbgthCBr5sAwMWqVz8Cf1,7356,[],Los Boys,28
13t1RROs40VnX8PtMUnBqc,10739,[],Eugenia Quevedo,34
4lXlGJYomLAcfO6rVOchfz,15020,"['argentine alternative rock', 'latincore']",Cirse,29
2NGNgQjHCjOyC99mPqMiHS,1274,['israeli techno'],Audio Junkies,32
40YfcUtQrNSRJty5K9O3eI,153,[],Joaquín Levinton,36
2q6X99CH0WLrL5YFJVOhZc,8007,[],Pocho La Pantera,30
7fxj9VjDxGpHfOPEkgxm6e,47357,['cuarteto'],Ale Ceberio,39
0y2UIyqXN4KctxsMLgSMhm,12756,['cumbia villera'],Nolberto Al k la,43
3QZEbpYuO36TVmqHEbxpkZ,11311,['argentine jazz'],Escalandrum,30
3xycgFpr4XMrrogwChK3zw,4603,"['folclore santiagueno', 'folklore argentino']",Mario Álvarez Quiroga,32
6Hs8U0JO2nacXFG4kp15Co,191599,"['chicha', 'chilean rock', 'cumbia chilena', 'latin alternative', 'latin rock', 'nueva cancion']",Chico Trujillo,55
0TLoZhTnP0vyp61bIO4FgF,11691,"['chamame', 'folklore argentino']",Los Sacheros,35
06s35sbFfZJUEwFjAaZfiW,76227,"['alternative hip hop', 'trap latino']",Cookin Soul,58
2qA6QJKyk9W627mEn65hob,16326,"['folclore santiagueno', 'folklore argentino', 'nueva cancion']",Raúl Carnota,34
04P5kEdUJHjng2DzTXhy1C,5482,[],Enrique Maza y La Verdadera,33
41pJnHLzYfNFPDmJgsZkcv,599,[],Juan Rosasco en Banda,31
2N4oh0cKq5FwoO94p4DTVK,17354,['cumbia santafesina'],La Contra,48
35C2ZfgMovQotan3rNrYT3,6432,['chamame'],Monchito Merlo,31
5QlBlgZQXTj4adeTRqPywe,712,[],Los Bonys,28
2wxP22uu9RzqeHT13xmHKu,331,[],Cuti Carabajal,28
4Y2lfQWx1xZIiA8ckQjyta,2282,[],Charly García & The Prostitution,37
0l3lrsagH8oE0CAkXdyNMI,8889,[],El Turco Oliva,35
7FGAi3mSjLMsq6p8SErsTA,26842,"['argentine metal', 'argentine rock', 'latin metal', 'latincore', 'rock en espanol']",Cabezones,38
2IyVU9Yy24qYEotlhyfgUx,123,[],Santiago Segret,27
2KvUc0BGX9S8Bgsk6hGCtj,4013,"['nuevo tango', 'tango']",Amores Tangos,29
4fYTWlP4R8R5HcqMUgq7Ze,166,[],Jimmy Rip,27
0SONU0t2JRj0vEdRIUnkir,5279,['musica para ninos'],Grupo Infantil Guarderia Pon,40
0mldH6GcoYEV145HY3GHEk,9313,"['chamame', 'folklore argentino']",Los Quilla Huasi,27
18TsWSCZg6GvIcZ9XVhwJw,38506,[],Aitor,42
6yX2GzaudljEEBKfMZpOXE,25556,['cumbia santafesina'],Coty Hernández,49
5ts3iw277wUG2DUKnqktAD,3526,[],Monada,45
4R5IzlNSizG1oT8Gs4HH6k,54009,"['cumbia santafesina', 'cumbia villera']",Grupo Cali,49
6uLWD7WMJKMyP1DD1eg96R,81040,['cuarteto'],Cachumba,43
325zdFw59lq0YHEmd5rWtk,21299,['cumbia santafesina'],Ezequiel El Brujo,43
4NbPIhaePRUz9iZxc9IvWa,23870,['cuarteto'],Gary,43
63qBcGs26phTxIJUhgOWB8,899,[],Brinsley Forde,37
1zfAJtfJEpUvMiQxigYj57,38423,"['argentine indie', 'argentine rock', 'latin rock']",Banda de Turistas,37
6oN7Qm8leORaM4fV2OeLX4,489,[],Amanda Querales,32
5d8Cc6SCMo59MdgsnCiWti,19074,"['argentine punk', 'latincore']",Los Olestar,39
1qo1zFHkGHoy8pSFFQkbtw,15470,"['folclore salteno', 'folklore argentino']",Los Guaraníes,34
60El5gpHTkzTCmrNz0VG7i,39791,['cumbia villera'],Sonora Skandalo,48
5M5yM2s8dqrvy4y0AJ10Z4,72894,['cumbia pop'],Emus DJ,46
1pmmkE3BIdh9pxHecU09Oo,84781,['cuarteto'],La banda de Carlitos,40
36ZqMC7zjLgKhxKc1l9g0X,14062,['argentine telepop'],Oriana Sabatini,33
75mIeyYiajAsiAMo735gr7,19595,['cumbia villera'],Luz Mala,31
5rGUuPEIFYMVmocNdihpUe,2583,['cuarteto'],Carli Jiménez,34
7nbOE0RhCrS1GrDEaVUVee,10715,['argentine indie'],Los Besos,39
5CvtChuDVlejwaMPQb9Sx1,3300,['indie cordoba'],Candelaria Zamar,26
3SGdv7Nnxz36kYLYcSWuJf,5523,['folklore argentino'],Suna Rocha,25
6pCsEBDlqd9GDJ1SNDlM7f,5429,['latincore'],Roma,24
5IH6Xg8ILCVJIiGVIYklK2,2051,[],Robin Zander,35
3MBsvBr8B6mfjO6txfT6uL,44818,"['argentine heavy metal', 'argentine metal', 'argentine rock', 'latin metal']",Malon,39
7aY9PtsNws5AdwbdktfbaN,71505,"['bristol electronic', 'classic progressive house', 'focus trance']",Nick Warren,40
5A4rzeZ3KXx7VYvcna6awj,3407,['focus trance'],Emi Galvan,30
7qu4VHtCuPZuduWAawpnUJ,49037,[],Cumbia Ninja,34
0x3Vlve4e1tC8jVv0P1Lwm,3692,[],Vera,24
6Gsh7oJoJ5EQUuQk0EhfWL,6062,['rap underground argentino'],Malandro,47
6zuShqSKzYP7ZPGMkMFhbL,78205,['cuarteto'],Chipote,45
5WJWxdQGsrF1G1iX0ixLfb,76806,"['cuarteto', 'cumbia villera']",La Fiesta,45
79KJ0gUMjDNnDWrT9szmZM,4640,['indie folk argentino'],Nico Bereciartua,30
7qCEjoCmUjJ0F8ACB0WUX5,1871,[],Nadia Larcher,24
07tM2yaTe93690UyzJhl6R,1073,[],Los Guasunchos,23
6zggLJMdE8uWp7NOlxfofj,2236,['chamame'],Seferino Torres,22
0jzKzkLDfttLCCTxYxx1dt,67,[],Ruly Mc,25
0gxy0foaJsRc1tfpByJWCK,40415,['argentine alternative rock'],De La Gran Piñata,39
4FeN9FV6xecISybbcacns8,18545,"['chamame', 'cumbia villera']",Granizo Rojo,36
2803Kpv7qVYIAyKWfl2RNc,12122,['folklore argentino'],Los del Portezuelo,39
7Ky9MAWbIE0z5VtPSNiMvd,18619,"['folclore salteno', 'folklore argentino']",Guitarreros,38
7e3BSeFzlCGyAdbsUbgUaD,272543,['cuarteto'],Damián Córdoba,56
6I0h9J8iQTeXkAir3RAj9k,12917,"['argentine indie', 'manso indie']",Pasado Verde,36
17SdOua747pMkSrZFYlr2L,18136,['argentine punk'],Expulsados,35
5VS13SSoZXRProMtUjY5dr,1827,[],DJ Luc14no Antileo,41
4SUMXCB0KFnvwYDYRWqELH,106,[],Gustavo Borner,39
0k2x5gTohSgbssM7qLYgvW,2,[],Damian,29
0HhAQGZNZAvnu9RZQOTetx,4768,['cuarteto'],Diego Olmos,29
4jwnlVc9Lj5vMkL32978d1,26824,"['argentine alternative rock', 'argentine indie']",1915,43
3SdvCDQe1arGttSS9yMQTl,525,[],Walter Salinas,43
53PMMY1sInP2hfK6TzIijL,33868,['cuarteto'],Chebere,42
1Dts5QEWhfTgrZvDBEdNUH,1342,"['latintronica', 'nuevo folklore argentino']",Pol Nada,21
3FJ8aFXFVkUsBUaNvuDoxL,448,[],Keke,24
7MrLqMHA15mFhb5OcOpF2U,811,[],Giberto Gil,34
6D36JCiONtO40ykvT5RBec,3917,['melodic techno'],Goom Gum,33
6EVS0N3W1mfGgL79S6z1Se,106,[],Canal Pop,13
2UAm0mLuSUDHI72SAtGWGn,287,[],Misael Cruz Y Su Sonora,17
625kGlmcaDymYRSEawXlI9,16584,[],Pitty Murua,41
1cj1ov4uZ0Htsx9PWDpNvi,14990,"['argentine alternative rock', 'argentine indie']",El Zar,44
137pHEZ9U76r4ouXTa6Bjc,14823,['cumbia santafesina'],Chanchi y Los Autenticos,41
2tt7weNE75ITTS9gLyAmt4,44207,[],DJ Liendro,44
09QoQi6E7GP5AePICzRcZe,35360,['cumbia pop'],Chule Von Wernich,44
4nwFiHgPXUpo0KgR1rZSAD,18862,"['argentine alternative rock', 'argentine indie']",Barbi Recanati,38
5rnUlLid4WEcDmAz6McM33,14129,['pop argentino'],Mechi Pieretti,46
7vnM4YuUSEpsH03GI0FCRk,6175,['cumbia santafesina'],Kaniche,36
2o1snsYTmpfZY9cxaniBRf,1201,[],Dani Guardia,36
77pCqwW8HaKBjkTHe395eo,53427,['trap argentino'],Fili Wey,39
006l1hJ5kOd1E1ohnUdwPH,0,[],Sara,0
0bYQe0JDIjxkSHQoXlfngl,193728,"['argentine hip hop', 'rap underground espanol']",Acru,59
3XBw8ImFEo86mEB2dYh0vS,46708,"['argentine indie', 'pop argentino']",Zoe Gotusso,55
4uM6IUL3hMaxnhAKCZCKQJ,29597,['argentine telepop'],Vale Acevedo,38
7xsXCvnZg6qxRNceJZoPZI,44888,['cumbia pop'],FPR,36
2MD9vaOHTMDi3rqNALct0x,9481,[],Alex Suarez Dj,35
3wsEppaZbJOYZEtwMfNI0o,10761,['argentine alternative rock'],Todo Aparenta Normal,32
2EIDNRLlK40vvt5EyhiwFE,12722,[],Los Bonys,31
28yoH8rKvl5EsCmQ99Dg0D,18,[],Emma Sosa,4
2Z6n70iWXzJeREdDdqZSMt,54,[],Gabriel Ardanaz,1
4aBGMqMmTIdsk9b4JNsf5i,22,[],Gustavo Lorenzatti,1
4pK3JniO3v2pmD9S3ZMypk,300,['argentine hardcore'],Dedicación,2
5ryOLqQpI0SuL2qVV3CqDC,84,[],Amp,21
6rHp8rxWBRsdgLlsUJwXrO,1,[],Ulises Lescano,1
7h06CDFxNiyOvQn3rMVCnI,132,[],Francesca Genco,12
7hlTruMAIQy2OEN5kznia5,101,[],El Exilio Universal,1
7n0DQFWxlcRBMF5TbW80MF,407,['italian tech house'],Josh Kalker,18
0CtKVMmjJOoRZugpK3PrPY,8191,[],DualCoc,13
0Z2KXlCsvZnlGNVfJ6NcGX,62,[],Valeria del Mar,1
59OheJsvimLlXWvuL9j7Df,18409,"['folclore jujeno', 'folklore argentino', 'folklore nuevo argentino']",Bruno Arias,38
4p0y36j62bcbAG6Hl0DjUe,10706,[],Juan José Piedrabuena,37
6lmoqMxughzdlxvQTsUXjF,29278,"['latin alternative', 'ska', 'ska revival']",Ska Cubano,41
7AjywQeqqKt7wY9nzr1mlT,640,[],Martin Ontivero,27
22MIR3ehDJgCFIEdTKpYkd,5589,['latin american heavy psych'],IAH,19
2KKgW6x86NOhIJnMlxFD1u,1875,['tribal house'],Cevin Fisher,31
6HknNgSM0qwhMbumje0g5o,1446,[],MBP,36
7Dr3JC4ow5MkSsBP6xZDhT,1100,[],Geni Colegui,31
2oWYJFQ324bj4y4Km5eNeX,6838,"['colombian hip hop', 'rap underground colombiano']",ha$lopablito,32
0BFrMzagEAYimCHYY1mtW7,7324,['indie siciliano'],Olivia Sellerio,32
1DzNNSFkfQnrf5xjlYqmOg,11593,['malaysian hip hop'],Viral,13
2zcBVNM3XegapZeceUvvfp,613,[],Cartucho Y Su Sonido Básico,10
0zXWxr8tmPRBky78yMV2An,1546,['sleep'],Feng Shui,32
6kPvFQoD8mzPv5IkOV8PUi,1529,[],DJ Roma Oficial,60
5CA5IqbsFr4hpNLdjgO0BU,42659,['cumbia pop'],DJ Tao,59
78hj89uHju6FOMogGZY0mw,11,[],La Charo,0
7DJhztnU1zsQRHTVsLpV96,30,[],Volárbol,0
7I9T0HKDEqMIqPTO5SR55l,16,[],Mariano Cambiaso,0
7KT0538ITFJX3oPkjr9jIs,15,[],Herschell Crustofsky,0
7feOE2OYxOdgQyN5UAd1QI,20,[],Facundo Fiodorov,0
7iVviaG15P0Om4yTPa0ezx,74,[],Wingderecho,0
7kwQXkgKZjakj3VDKEk5YQ,18,[],Fulvno,0
7m8IWLEocJCAMqlLQ9OlvT,38,[],Desumano,0
7o15OoueySsl2o0vwwphfm,14,[],Josecito Moreyra y su Conjunto,0
7rYPNj5AQHbomYWz5B4YXp,0,[],QUENAS Y SIKUS: DANIEL CHOQUE,0
7tZB6xCtHXod7NZRgjjKFO,42,[],Adrian Ramirez,0
7xvyjS0CsVkNenjRwZtHbh,7,[],Alan Pintos,0
2slldFqM3xk2rRV9xfyyj3,121,[],Solcia,1
4WvHcdBLRajC9Rw3spCO1h,475,[],Gin Tronic,4
7LdDXuP0yRwP5rm1ZEFRqg,182,['australian house'],A Friend of Marcus,8
7rWcrRwOAe1A0g2FOX3gxY,17,[],Sebastian Montesano,1
12A0mGhez83dVuepoJYDHt,89,[],Leopo,1
3CmoM2jR7HSrkGzKatyqb8,92,['pianissimo'],Kagetoki,34
3NSjPJ2H4hs9CYSp4tKPcW,75,[],Chichobeats,43
7FjRRpGQTg7jRI1lTVbeuj,1821,[],Chill Out Sex Band,24
2ftgrv1RUbg93sZm5YUldQ,4310,"['house argentino', 'nu disco']",Toomy Disco,24
0QIxudHuVjcWwPZwHXC4l8,537,['blues band'],Tony Coleman,17
7zngfTBrO9SMM9Q0QoJHA2,192,[],Nasty Killah,30
7dlkBH23ERFXxuNoMHq94Y,188452,[],Q' Lokura,65
56AVI4NhnbrQzi6vYIW5YX,8,[],E.G. Natanael,2
5eiPTTH6yTKzbd9tC7fumi,83,[],Martín Maurette,3
6iDX8Ndl9bXGmFX7vNhVQ4,87,[],Cody Allen,19
0boAWt9PkkU4DojOF6QaK6,129,[],Igna Luna,3
1mivtCDYqBtmPfMaXktmut,385,[],Jörg Baumann,21
2UNtRNUFt9fs68S7NaQnsa,317,[],Lumpenaje,2
3TrVimpdhNTCOVbgwb2uOl,109,[],Sakayastá,2
4cwi6a5fpBFFg5RcNPULuK,605,[],Patrick Thomas,14
5J0EbiAtpSbBynEwqZtt9O,35,[],Prosperito,15
62guC0k5yqBL7DTBDPn4Mr,99,[],Ebano,12
67UDRVzVZRVLKUfDOMBXOb,130,[],El Suspenso,4
086fNMCxN3NnDMaxqwRANh,14,[],Accinelli-Rojas Dúo,2
3CMQZr6HAONIDRIld2U0r3,12,[],Achinelli,2
2mNhlD3ZA2KJaDvOrY6UJb,57,[],Lucas Boschiero,1
3qz8UTCav4EYVZC4denrh0,14,[],Agrupación tanguera las muñecas,1
1iR1IiMNQsjBqye0uBABO9,37,[],Franklin SF,1
2GwQ1VFiN4ddEE9L5ZDXRf,2,[],Lau Peluso,1
43QCUB1q846Sz3aT5Gm8no,38,[],Tomas Gomez Costa,1
5pY8jcgLwbkHL7TziqQUGe,24,[],Lucas López,1
19o3oOaOd6t5Ov1Of45j34,27,[],Patto,0
1qjs5Y4V3QJApE4tpH9LkH,42,[],Pol Bonomo,0
2HIW4sLjHTbMO2CLhmRZbo,10,[],Bribones,0
2ldrELERcEn8KZBA7HkJbb,0,[],Abel Cornejo,0
2md81v6GdLU2p72ZOKlEPv,17,[],SM,1
3DsnLLKUSCvrBRgfSfF8QY,22,[],Antiheroes,0
3MzNr4VsRPzbSV0dExfenc,14,[],Féde Pose,0
40nCO8GoXA1WJWD2thspeD,23,[],Santuli,0
4W5egKpOLlwUhXEbaPsj6N,0,[],Facundo Ascani,0
4ZEVb2wwuhri1z7Zl5hyIz,9,[],Joaquín Moyano,0
6CtpVOgX1yjpPdOf0Fo32T,30,[],Sin Etiquetas,0
6IQQxJFjr1HQia8A535xkF,67,[],Charles Parkinson,0
6Nm0ElmyQnZj1MNXgzt8GI,18,[],Kooper,0
7AGw8IDTuYRChaPeG490re,0,[],Palo Gomez,0
6C5PK0HLK5QDhvsMyiQ3VI,9,[],Lautaro Mackinze,0
6Mwtc1At0D2ojYPrziszBl,6,[],Lemon Said,0
6XdpRglmi5upFlunoy1oEe,30,[],Bondi a Parys,0
6a2zoGTbWfRQzTEyXv45Wd,1,[],Skill P,0
6a8O64KZjHQzDO3SKOyTWA,10,[],RENA,0
6jcmJBKrp2LEtZrbyqhsu0,35,[],SINNOTT,0
706AyBlIVEMsp7IVSaodvV,15,[],Mártir,0
78lryKK02Enj0e7Vnknfvu,23,[],Pleno Vacio,0
7D2EDe2gerV0kw9WLZj8di,3,[],Roggero Alex,0
7E0BhhZzhYu6BvD5lBmhy7,0,[],Malüm,0
7LHibfIqM3G2oGhmGYI3yL,5,[],El Bruno Ivan,0
7gVP2bf6caY29n6bgihcub,23,[],Algas,0
7imYbd2iVHAp9YLuevkS7j,21,[],Posmo House,0
30TkIkpe2FVfdrbrnO0jU1,13,[],El Tanque,0
3WmeXDPrHvrHyYandt1iOU,26,[],Young Yuze,0
3ZT6bNrQoUSruDK0J0olS4,21,[],Doble K,0
3cjd0lBn0MJEgTGBOx0LgC,2,[],Bohebrio,0
3jEfiO7fYskgArNf2o8fXf,28,[],"Kelo, Maquh",0
3nCEYyKSsgTkmacYqjcIfz,18,[],Shurica,0
3uHPhrt02FY0GW9cwca7Gu,6,[],Ezequiel Gallardo,0
4CmNYzG7OiwA5OBwlPckWM,60,[],Catenaccio,0
4xetHN8w5cYSyaKRtzgj9g,23,[],Rosse,0
5GI9eZJJLVTOggsPmHcBIg,36,[],Silvina Escalante,0
5a0R3xZXqk6q85MQ05eJFj,26,[],NataLi Maestri,0
5icPKeUWS29ybDvgtVTHSI,15,[],Julian Marcipar,0
5zECfLoEBE05TiD4YNkVmF,18,[],Maane,0
66lCilra9gC6IZ4bB4uzMy,22,[],Dos Razones,0
6DGQLJmwDv72MY43FNIEkG,0,[],Mario Ruiz,0
6PJoRm0lTn3Uy8XlwlLlOj,0,[],Rodrigo de Brix,0
6Pmnw3jaOSm21fP2VfZdgh,33,[],Vicko,0
6RMSTBJRe0mjJNFr6F8VIb,40,[],Lionel Fortunato,0
6Rdk6kwR4wm5HOPOFQNDHA,2,[],Gonza Balma,0
3vvlyGkOogvepVLR9c6Giq,0,[],Tucu,0
40j063xKtSU8OEbukEozKa,0,[],Pao Santi Kremer,0
4164dneKIXFW0XB5NOAUxP,18,[],Loopcio Brandi Exp.,0
4DL34r7WkCCrOxP4YSXaIR,11,[],Coss,0
4GMOFLLTy1ddDWYcypHUif,12,[],Marcico,0
4HowiU0blCxmWxEGkP1Orw,18,[],Corderos Perdidos,0
4IQrGTX8TDZ7QDIk5zA4Jc,0,[],Fede gt,0
4JUkNNvlAFpp9y24xG4hnB,17,[],Lamar Y Los Estoicos Andantes,0
4OoTeR03HFId3V42PNcEnx,6,[],El Taller Rock,0
4PXC08CGgIgmZ1RxwYVqMk,23,[],Rompenubes,0
4QosyTRFREBkSaf8DUNNXY,19,[],Yavett,1
4Td8ZIJdq0qte1xHXwtEgs,6,[],Nico Andrada,0
4awjGjlTX6C0RsIs4A0ULz,39,[],Sigel,0
4ethT9uUdSECQonlu25uo1,32,[],La Mutante,0
4kcmpS05gJSRCSArAh8myV,40,[],Maxi Ochoa,0
4oip3u9E0oy5YMG67xcdyg,10,[],Écio Duarte,0
4phLlboHoMXC0qF11qpWP1,39,[],Gabriel Orell,0
4qZy3PB2FWZs4DK97Dlsyo,16,[],Delorean Boy,0
4rZwV9mQmBKyRHx6vKUvqW,3,[],Guido Chiatti,0
4sgCyBiBd4PMN1nA0xNY2b,1,[],María Pia,0
4udGcsXVnZxgv8lkWRdEyI,14,[],Gregorio Anrriquez,0
4ugTVXb7i01JAtopTEtXiz,10,[],Inca Huasi,0
4xhlWk1naMGINrv1CBASJ6,0,[],El Panda,0
4yOIe9oe0Wy2OlARiQRFI7,1,[],Música Fina para Bares,0
503L9ClWMRB0ZHV4EMkekn,19,[],MeyBae,0
50rvZCNM1yNzsffG7nOH3u,25,[],ILL PEKKA,0
51mHX5D3YQTP5j74FuMwxy,38,[],Alejo Vecerrica,0
51riRWvyJlXbgaRxjUGdcu,10,[],Pasarla Bien,0
52xv5415K6pwiXGGt8CMCw,16,[],Ismael Antequera,0
566Rt7TP0KLmzQeOZ0Iegd,29,[],Tomi Solis,0
57CLAbEssDJS4mIi2yXGjA,17,[],Caro Alderete,0
5C29cf2RCo0tTq2hvvdHD2,13,[],Martin Britez,0
5DVq1YfHdYzrgVai1ZcJrS,17,[],Los critical´s,0
5FcMWjDIrWWZii9hEjtgj8,3,[],Sorini & Vergara,0
5HXDO4QaK2DnyJQHRTqpto,2,[],Array Map,0
5LoENS9NFCCjO8nDUqoBOf,2,[],LordGui,0
5PZtLGmeiYJt4QAnmjHRD9,1,[],Compas,0
5SvWz1s64WI6oCfGgqVqSv,1,[],Joni Mansilla,0
5UB6wfNDUcK3OrsL26GdcN,0,[],Manuel Villar,0
67i34dvySepp2AxghIx6Dj,9,[],Pupy- Suite,1
68Mwb9S3HCRj9s8ypna3H9,19,[],Rey Synkro,1
6AMGKNn2fLzTp1ScBPK6sc,19,[],Jupiter3,1
6AmP0ambQDfmNfaapNVY1r,9,[],Los Varelas,1
6FFF9CQgr8Zt9roChvUeL2,22,[],Los Jharis en Acciòn,4
6Hdprq8odwLQRmEmRgSeiw,65,[],Gpn Crew,1
6SlW5U7zb9V3imub0Tib0v,9,[],PSC NORTE 666,1
6UzwUj9WdjkqXzfMWBwgzH,4,[],Clark Bond,1
6ZVevBOa0FRTbxN10U3IBD,66,[],Cristian Mansilla,1
6j2LLERLxtyBBolPRL8uWf,7,[],Luks,1
775ahXxjmB69zXEkKMowvG,26,[],FEDE DIAZ ROCK,1
7BG1Tr58fcf04ugdFszKHz,93,[],Sierranegra,1
7DB0qgFLaXBjrnGA275BFu,32,[],Malhechor,1
7DfoImBFgHB6AwS4aZGZId,0,[],Marcelo Gatti,1
7IHtljvY8Zpn5hAKxLquaE,50,[],Lex.e,1
7cps6iywifLjR3BNiRrhO0,6,[],Gabriel Borla,1
7gbIyOX911oY1HbKAPxWiP,14,[],frakaso social,1
7lnDLOmsq35oaM0Zh3b4O8,0,[],Elikcir,1
7tccbbU8xzh6GTdYzkdlVn,10,[],Panick S.A.,1
7uDYhojrFaqN6V3Oa8BZGw,16,[],Sai96,1
06gbfZVVBOY1NFoUX4lzhg,10,[],Pippa,0
08bh9sT4mqmRyMjDfcC8rR,1,[],Mele,0
0BTWEaGicDdpvaJXEMLgO1,48,[],Bice,0
0M0yOshq6KZJbSCPsS5XdQ,18,[],Luchi Angel,0
0Nc079SHoiECr98P9THaZT,1,[],Bayden Records,1
0O7Jrnm7rh1FLPVGZ2B6sP,20,[],Trippin' Kid,0
0PhQSUrtuzftE3m2o3Z4Wy,11,[],Nanitoooo!,2
0QgOSIDn8JOxtoRU70ec4w,7,[],Foxer YK,0
0Rkp0SvRiTi5eJNgoZ8zi1,39,[],Pequeño Detalle,0
0T8uQ2ikPP8OFUGN7SDtFy,10,[],Matías Sand,0
0UlpY6Hk2taaBkAIik6GMS,81,[],Colectivo,0
0WYPXm88kgqHlgG9Qra1CV,3,[],BigSu,0
0ajyPwlYt9wGIY4ueREVy1,10,[],Just Trash,0
0bPt9eaaTm7LTUeW4XCjzD,20,[],Edi Ki,0
0bQ2XmPxdnagEQB7p8sffJ,37,[],Likuid,0
0c41FLDw6p9twu8bTPFHC9,13,[],Dezert Dsv,0
0d5uwTPoduNV5wcSGsGeIi,33,[],Big Kade,0
0dBTNC9ECxyRJSW145v0Gy,38,[],Julian Total,0
0dWc15BhYZ9bBm09g4H4q4,20,[],Luz Ardiente,0
0j4keVXqkHK1ck5mdGRitD,30,[],Snorker,0
0jAXfjN7qnSJojUVX138rb,42,[],WuMo The Flame Boucher,1
0jLWgADC8KVpC2cmbSU4WB,15,[],LOS Nesta Roots,0
0k3kERMJ3rul8jEeWb8VxJ,1,[],Bab3,0
4btCAKNquYQ6fhrocy2QDm,40,[],Grey Music Family,46
0N9TZYLIcufVLj5eQl5GLm,38712,"['argentine hip hop', 'rap underground argentino']",El Triangulo Estudio,47
6ASGA8HXm5wcYHk0dBteDv,6155,[],Rodridi,48
0aJgv15DVDKvr0yWb5BzP1,35921,"['argentine telepop', 'cumbia pop']",Mery Granados,43
3KwYcQJwieAX356xu883lc,3095,[],Lázaro Caballero,43
092IY0KQ5awqyDfoyvnQ7V,0,[],Goksch,0
092enIkX11X3NR099yPc6C,0,[],Ankit Pisharody,0
092flkIGXosaii2n3w6gRK,4,[],Puglielli mc,0
0930FU10v7sGCnUL9zjsQY,0,[],Rıdvan Akdemir,0
093438OY4vwKFZBttoFqxB,1,[],-Bli$s,0
093AEGGW6y16qLfrekbVLy,0,[],CartelFromLakeSt,0
093zGi0OqfD0BOHT1wNCga,0,[],Zic heads,0
094TLSLdFXyKATgT6nTyUh,20,[],Mateo Pique,0
094WxOf8rZLuvGfz7WDqdx,0,[],Kaichii,0
094Ylo24NwnRxDatSblm96,0,[],Holy Rivals,0
094c6J63WXcNwulhfvK8Nu,0,[],Sripathi Manjanabailu,0
094rHM3xLnkFk1CPkcrmVo,0,[],Sweety Singh,0
7IPnH3820lmw4ffdCAT2ar,0,[],FdjRmx,1
7jvHwlhRzSgoIhHpfJvTlG,33,[],Melisa Escoriza,0
0vAb315Bk4MvKjJct4dYjA,3,[],Doxter,0
15JWKiBemnj4f2nX7oO8xU,0,[],Lucas Corzo,0
1bqFok7DIB2Xkupj8q0QAi,40,[],Tomas Kassimatis,0
1cXQ6u0m64ifirTbLipbP1,12,[],Alberto Burguez,0
2XhviSCjjXMbn7xPENksQh,12,[],Sol Morgante,0
5EKpuZQQ45GlC1rTD23JPI,0,[],Daniel Gomez Zacca,0
5rldwgeYqo58uhivOHBjHP,0,[],Pipa Castillo,0
63G64Rdf4VTPDGeKBBZIQw,28,[],Ra-miel,0
6AbdTvePqZegmsVHwZrmNO,16,[],CASS1O,0
6O1jaX4XJlC8pbDziRJGOE,15,[],Braysaker,0
6kRZElsrLwq0Hczn79Lq2v,18,[],Tierra Nuestra,0
6tsTtRgQGf5MoYwSPFu5DZ,2,[],Lorem,0
76uHUsvbiqW10iaeT5pFgl,23,[],Haedoterrestre,0
7IMVHQNa1n2Zto9lTK4oNV,9,[],Sebastian Canosa,0
7fhfzvbA2BdUxkfARIHIR3,7,[],Laura Morresi,0
7hJV9uGdDvO2Mij9hS5CSI,0,[],Ivan Gonzalez,0
7hkAFKFS9K9myAZQMRlz3J,5,[],Santiago Sciasci,0
7iblgN3kdOT7WgS1IS9dwy,6,[],DEK4,0
7uV9n1zNOPaufRKHdqP3Yt,14,[],Pequeños Marines,0
7wzoa0a0j2ldzW51TPcYau,14,[],J Ace,0
60AI0M2POOW7JPgYauwDiG,27,[],El Monstruo Del Pellegrini,1
69lgVPwmNDUQn66x0uBxl8,5,[],Clovet,1
6wUKU4PJuiz37vrNIS6vLm,34,[],Emboyeré,1
7xANsvh7eRY60BKU9wsLhN,15,[],Made In Conexion,1
0N8JEq2GT1Gzly3q8LzY5T,13,[],Tomás Parásito,0
0hLlzzI6sRmJakU7BFMyYP,19,[],Eugenia Krako,0
0v0SNpB2n6OXzMHOWZenbT,3,[],LEONARDO GRASSO,0
1HVrtQCCMEEguvfRqKJZ4a,39,[],Batti,0
1HxEpfL8sYHTZ3gDaPRRq9,3,[],0800 Saints,0
1J9rhWtMIu5U2htyTwPMSy,9,[],Ponti,1
1LcGX2Tgq8C62ZnLHBsKk5,6,[],Bautista,1
1SZ6wTf1RGXxNjXyraGjYO,9,[],Eric Espindola,0
1lDs0ciy3tJbX2gVxfJGVh,23,[],A Nuestra Manera,0
1xbhttGMKggc7XOWIO7GyU,42,[],BANDIDOS 23,0
1zvcvbN4f8Gbz2G4TFnKmo,18,[],Noar Uno,1
25VPvJDcg2rR58H0PxhFts,8,[],El Luka Nuevedos,0
27KZSWsn3Ce9ssqEQ7oCNf,9,[],gae,0
2I223MQt4d0n5rhwLdlEq5,3,[],Ponte Perro,0
2RYKRCvq2Y4pv5NI58vLnz,2,[],lopsamot,0
2ZmXyh5HeE7hBdfYBKpiEs,2,[],M X W,0
2dAaMcsjPr5MMKPbMghgfn,7,[],Francisco Cantero,0
2fhEXyUO4d107YnZ9YIrGg,14,[],J Sikey,0
2k13DaQaoRudN5YTRqvXHY,0,[],Kay Lish,0
2uNYbF3PP37ektxQpYA5qB,22,[],Big Peque,0
3PNwaZYHRAKzMSBM7eeVhv,17,[],Enzo Pastorelli,0
3m9aAuoT41KnpJZuuzZ18h,7,[],Baiza Mc,1
3wqEeJkAYNCH99MCsio4Wp,9,[],Facu Caribbean,0
3xSEkZk7huxCJb7x1JOfrE,10,[],Sonido Marcial,0
4GQzT2hmxEjBOUaUPheW7T,15,[],Josipahh,0
4HRw4AyifcDjYdnygXUoRE,9,[],País Terror,0
4Pn8KlpxZBGvuLgzFujkqA,2,[],SATOSHI SATOR,0
4d7FE4cGCy7BOuiKgNFPmK,2,[],Amilcar La Maquina Cuartetera,0
4hdukNuxH8LrLOXZFpztuY,49,[],Revolucionario de Café,0
5916I1sGtfQ3ugjsbS3NjF,23,[],María Morgade,0
59rwHeSy9BmLbDYqM5B6LT,5,[],P.O.L,0
5JBOjMBC0H8E6Gcl2HcLQD,32,[],Las Bestias No Existen,0
5LfLfCgBoxpFQpKaLyBdDQ,25,[],Mabi Kalpa,0
3XVP1H7H7mV82112lNLpwy,3,[],FRAN SOLO,0
3nmhQFsWKhJSji1SeZ1etD,7,[],El Pasaje,1
3oAWsNsN1USRepLLlIcS8S,23,[],Lautaro Stalla,0
49AR02FLVklM5WJZHsM5UE,21,[],Passa,0
4E0YUuR4saUeJ8WtTQjl3x,16,[],Monky Donky,1
4KjxqiZJ7ipt55hxrY9rKU,40,[],Carlos Moreno Oficial,1
4TxC7Di828kNb4HjJ2IcdD,16,[],Gladys Pellegrino,0
4YcVobHkQfzsJXq5wdt8qR,61,[],Ivø,1
4fa3heEbiLzRpnSeqBYG0l,0,[],Lucas Cary,2
4gReU4AYSWSKNvIZ3rl7Rh,15,[],Kidd Pupi,1
4k2n94aLfwC8PjnjkCZyzg,36,[],Farid Vargas,0
4ptjMLP1iscOZxJOefKo0B,0,[],Cristian Gonzalo,1
4qvvH05dR2R1IwhDfBnNLf,14,[],Dasnohvit,0
59mrkJ9KnVn3guCYGWvRqt,2,[],Don Buezas,0
5Em4sGfBihYi7I7LHw6cIF,17,[],TheRealKiller14,0
5ErAC8JRCrkCgYDajwGgWF,24,[],Mateo Vallejos,0
5PhsJfxdRBf7XU8ooFgSrR,54,[],Dez Moabit,1
5QcikFJUov90Wxq9t0JSco,0,[],NICKY HG,0
5SGW2VxmG0m3sDdxh0MMyD,0,[],Actavis Kelly,1
5SH4XX6DCLKN2M7uZGVK3m,20,[],Juan Barrera,0
5YIx3RkrH1cRocjjBUiW7F,14,[],Ana Antonelli,0
5aIcQly7lr3Trq0eg2eeNf,51,['indie tucumano'],anadiam,0
5cbcjMbzwf92BWovgyRcFx,26,[],ADM La Familia,0
5dqApcjYMJmp43Stvv6gXD,28,[],lunecer,0
5iXbtxdH1dWadNkgqy0a7Y,11,[],QuemaDiscos,0
5joYsCs9j8ZHYl0K8i4Hw6,9,[],NO MÁS DE LO MISMO,0
5kr2EsrtBRc9PxTUcONwYG,12,[],Pánama,0
5op28UqEbKLLePhLgvqzKn,15,[],Johana Navarro,1
5sNa8vicDWzBs3JhuoZXo4,10,[],Fernanda Quiróz,0
6Ap46qVSIDjoLeYacSrbTD,18,[],HiimOscuro,0
6OEh99avDKtStdqx2ipTJ4,36,[],Andres Luetto,0
6j9Le5fB67G4iF7c0WdPfu,29,[],D' Dude,1
7DM55w4U70L2lW4YWZ1eC9,33,[],Manuel Reboredo,1
7FVfoRHdaobvOAun6qAWsJ,13,[],El vicio de Mauricio,1
7iNrfr4YwA1PIHeegF39Pq,5,[],macky,1
7xDzaMdnnz3Kn5dSH6VOb8,0,[],Kidd Faygo,1
0AydaQNebuc6z9kZ7SnU9v,22,[],valita,1
0UmMQiiFK7phD9WXLe8Loo,0,[],Sol Narvaez,1
0VRfZhLaPIlKjXojfRUJQ2,13,[],Paz Molinari,1
0jB44Fj8oOodGWY5wPfs2A,61,[],Megafónicos,1
0mbAbIZlJ0JIMlUvPrOvjD,5,[],Antonio Jordi,1
1AmdMFfUEdP5OtQo3r5ugz,12,[],Hugo Mariano Vitali,1
1BVyKoOaF9iJPq1lcUYKFF,19,[],Key Biscayne,1
1RsaunsUoCrWwxIMjOE4t1,14,[],Casiflako,1
1WvGE5RDjcM5FCrlASs9C5,17,[],FRESCOMENTA,1
1gipEJFIyJmMpCqMgzT0CQ,1,[],Joaquin Torres,1
1ikF2t9lXz30a3ByQUnTLp,22,[],Dúo Sierra Maestra,1
1tTNsNfXOtEhGuraTfmhUb,16,[],Pepo,1
1wA3OCO90MFMUzogDWTCJs,9,[],Marea guarachera,1
1zC77EaLRd9HYSf6TAudYw,32,[],Broking Kid,1
2KA848kg7CFT4uYsV9In8T,17,[],Manuel Bayala,1
2RIlDEsS65mDVt6P9JRGRT,33,[],LETTER,1
2Sb4FATY20WvoCSwySbP0X,15,[],Bilardistas,1
2TxrhQn5Y8lFBESCW6ilLx,1031,[],Oculta Identidad,1
2UQToUmm1od2xRWnkbmq41,45,[],Vieja Juventud,1
2hEu42zHAGu2cJ8AKdH4Gd,16,[],Veredas,1
0G9S3ivQcOeiUGJqR3oYlb,0,[],Ehizpride,0
0G9ophGlp0ODIUsuVl3IIx,0,[],Aima,0
0GAItEwreUCM8fOsZ6hLlR,1,[],Thuga,0
0GAKOY2wTcWrAnzr0dSpj8,0,[],RasHeen RG,0
0GAfKtX9EnlkLVRxSi3div,0,[],Doug Lazarek,0
0GAfZcMrPNe7kGaN5Fm4Oa,0,[],MEM,0
0GAp3pUs4bizjgazjOTgvI,1,[],Allii,0
1g31gW7m6FH9LljAfobGh8,21764,['cumbia santafesina'],Marcos Castelló Kaniche,42
1pelIZEJMhf6FpKilNP4DS,0,[],Stephen Baltimore,41
4L0qUjWxrWG3vjYu1sasHN,42968,['cuarteto'],Lisandro Marquez,41
5AmJYBIvICxss43P05MkU8,111419,['dominican pop'],La Ross Maria,60
32MqW6QPGJov4Vtl2xYs7a,10787,['musica para ninos'],Vuelta Canela,43
3dTtKHXPMLmyevUFZO941G,10499,"['manso indie', 'ska argentino']",La Skandalosa Tripulación,42
2yKJHkjnjpTBuXxOQneJ4l,22,[],lofi station,44
7v8veUQH2fro2QjkOKS7vB,14544,['cumbia santafesina'],Coty,40
1xisiVS2nbjTnRsjDTkZU8,1369,[],Luis Cordoba Remix,42
6Itjwvv5YmsC8ZcI5N4Jux,3724,[],Sael,50
7hY9Nctj1rismpSsCItWFC,7205,"['folclore salteno', 'folklore argentino']",Nacho Prado Y Daniel Campos,40
1FKssVYVLINep6W8MuEFq0,1253,[],Vito Canzo,42
4Nd3C2EAap4nxcz7eDTA5V,63787,['rkt'],DJ Kbz,42
6SHszElyg65TSgaP3YsAZ5,727,[],Gonzalo Nawel,41
7tfILFKScRBGGdo0GQkbB9,16466,['trap argentino'],Godo,43
3evfdj7iQXvQVtX8l9rBMQ,3550,[],Cumbia a Fondo,38
2iLyXnkCexghY1DEDUauXd,1713,[],KevinMontanerDj,39
4YdZfQigdl6aFHYRoTzNfc,19,[],FamLyfe Co,10
4efFTs4iwHWTOp4umDESpA,64,[],Keegan Chambers,10
4mkMwCJPUv1PPZZewrqWjc,3,[],Pooh Shiesty,14
4pOUo0U1ndWk1zK5RbVICV,28,[],THE DON ZMIT,1
4pe0eGyPtpxHewOe90tH2w,35,[],Vati,1
4vmRi9vauGyhhdUK6qjzBU,36,[],Nueve 90,1
4wW2kWgSsN4nBHYpS7jZE6,241,[],CARMEN MALOUF,14
59pTHnxixnhdcKe3V30o03,15,[],Clandestinos Groove Crew,1
5CguUuzjk8NqudxR5Ybfco,14,[],Triplecoda,1
5G2WdnrvD3JgBP6xFqrboW,2,[],El Orejano y Los Cerriles,1
5GDHBvYZ3nTAhYR0UWImZ9,18,[],eme glock,1
5Hw5rsLrFDB8MlXgOJe3BU,11,[],El Banco Local,1
5JQTcbe4XBRam3qmDWHUTh,0,[],Ceddi4Life,10
5MZ0pBeNdX2l3DKH7y7XfO,19,[],Fuhhrrer,1
5OdVIgcA4tkoVUik93lJzq,0,[],SmokeCatchers,9
5dqd3aWz0R0HPJh9Wd1JUf,0,[],Tek Nizzy,9
5jqkmUXQW7P8Tw4LT8GbTa,0,[],Sello,11
5oFH7Qr1FHBChxFQ9pDXYq,32829,[],Tammy Dee,11
5pRbkVno18soOQAFtkVRww,3,[],Lil Plaga,1
5vUGcUvROaGmqM9J8wApLU,3,[],Rivalry,11
5zHNwAd03abXWCirapv0vM,32,[],Ártemis,11
68reNeF4NaE89riKLwGArb,44,[],Tomás Canela,1
6FBjQiVLU10fXf8Ds3KDOb,1,[],7Malva,1
6I6s8D67C32sY5SIYcxXan,75,[],Poli Siufi,2
6nWjPer11Tuxa3cKfLrvHB,12,[],Chris Vngel,1
6wBf1lq7KI7GclUd6Sm4tB,17,[],Broken Musica,1
6yRDXPXBpo1C42cak3O3xx,18,[],PASI,1
6zUBSpxpy1cnD780uW7eTL,64,['latin classical'],Carlos López Buchardo,3
3Sf6lHqs0ejFpk1LBIhGMH,0,[],Sigrid Kehl,0
4l7wNNlDnHdISsZlUfadQg,2,[],Skitch Henderson Orchestra,1
5OOrjR2FDaQMT5rvrn0hxe,0,[],Fritz Fischer,2
4lzEP2S68VHQLPP7jE0NlG,4,[],Karel Sabina,0
3NfYRC8K0hTE1tWGu5AvMR,74,['poetry'],Sterling Brown,3
5P5NqUH2NaHRXGAbuuLKUw,29,['italian soprano'],Lina Bruna-Rasa,0
68uG9O89BwBEQbXQKLml0f,12,[],Benyahl,2
1hAnw9Y1YrEWQrftpYrXeX,20,[],Avon Long,1
5L0N9eLy5TLPfo4UTzGgUT,4,[],Alfred Planyavsky,1
0oqURRBdlO4BlSNDOlcsvO,94,[],Mezz Mezzrow And His Orchestra,2
4KK4eHHnKZoX3zWdXRtBsU,141,[],Henri Legay,7
44ur2kJdE77A79StLfBUHN,6,"['art song', 'austrian classical piano']",Paul Ulanowsky,3
68NWy4S3wDdfe9Q2eFFytF,1,[],Heinz Grah,11
4owHn7GMn2FDL5ORTFKux2,0,[],Willi Meerwald,5
46fa9XCYGjv73xRXO4Xoev,2,[],Bob Blumenhoven,3
74CT4GAmE50qmEsdl3s3os,1,[],Willy Meerwald,4
4Q5UnlQgFgvWTmK2xgD1r2,1,[],Elfi Mendelsohn,2
0xal72WaaFhXALztvXpf5n,1,[],Wiily Meerwald,1
4xjOwQM0OdsVZKh2k8RSIQ,0,[],Oskar Kelein,1
50TiWSGF8rTBg49dUGBByp,0,[],Willi Meerald,1
5PLH4VxzyVGnf3o3HTQL0c,164,[],Lillian Briggs,7
1GwCbsI3kosfhKYD31c7hZ,105,[],Arvell Shaw,10
1xctIs19lAHOT2FN0GyTHm,1,[],Fatty George Trio,4
7Le2YdeT1bRbrR0t0FC839,454,[],Joseph Lanner,17
2tASauXefdvrtHk9JdgFhf,40,[],Mezzrow - Ladnier Quintet,8
3nrONfmThqLYUvzukTaqKF,6,[],His Trio,7
2HBic4OlBg0x8zX36eQ7BB,5,[],Peter Heinz Kersten,4
5sOWddjEptmmxjPoHpkvsQ,4,[],Noble Sissle and His Orchestra,9
0UEl2uYh6h8ClweKLDqN7f,64,[],Ernst Waldbrunn,7
3X6HwtmX9lKeuW18b8B6jK,18,[],Horst Neumann,22
5trVnE5kuC1bW7h72BoR2E,8,[],Rudi Hofstetter,7
42dYIheYZEb7Yd1SK4jkLx,290,['vintage schlager'],Erni Bieler,8
26xNxAix1LHW1g9PD7ubKT,45,[],Kolner Kinderchor,14
0WJDXWrDiBlWKCCNziz3y9,58,[],Hans Carste,20
59TuwT3yyC365SY2tWtfJN,308,"['blaskapelle', 'polka']",Die Fidelen Inntaler,12
2qsiZCmE4sdptsfNeFBuw8,3204,"['narodna muzika', 'sevdah']",Bora Drljaca,19
4YRJJ3IzTgjzxpeEN4K0SE,0,[],Jubilation Brassband,12
48QEXJo3QS9ZXirBWrP8iJ,274,[],Leila Negra,18
3OdN7gprtq8DR6d6I6JX2Z,52,[],Bill Elgart,14
6DocKPXemJP1PkJpF45vpt,265,[],Waterloo,11
72Iirq67NwcvcvgjPpiabj,1691,"['austropop', 'vintage schlager']",Hans Moser,23
0s2ssiNRVz36nGW8sAv1wI,1375,['vintage schlager'],Paul Hörbiger,20
4W4RvLyP1A4VBMFRGlE2Mn,11,[],Kurt Graunke Symphony Orchestra,20
5TIBmj6quEEYzVB9smHFAy,619,['jazz trumpet'],Duško Gojković,28
2WyMSi625FrLBuYebIJjMu,625,['austrian choir'],Arnold Schoenberg Chor,33
662c1F7YJSx9ZU68qVU6Ou,257,[],Stemmeisen und Zündschnur,13
7eZq9rAksJe2LfpUQ3ng59,1451,"['croatian pop', 'croatian rock', 'yugoslav rock']",Tutti Frutti,28
4EXVZI73RObbQTd4vSmwyS,1053,[],Leo Aberer,24
361pK7YDT3pQopAH7M0jr3,1434,['austropop'],Marianne Mendt,16
5EJND2M0NylhN2FSInJFNu,6,[],Chicago Jazz Band,11
0J26pURcDFgrPbXu8YLQi8,7,[],Festival All Stars,10
3EYczbK5GQd1kfINZAU53A,1003,['austropop'],Ulli Baer,20
2yFyO5Fo9FGo2ddPKdk2m4,333,[],Lino Patruno,15
6GJwMlxVLRvYmAma3STQLt,79,[],Fritz Pauer Trio,13
6K1sWkR7FFGDXbcBJoVXpu,308,[],Hans Koller,16
16NkygvTZZKZcmWl7cGIzM,1758,"['slovenian folk', 'slovenian pop']",Ansambel Lojzeta Slaka,28
7ISKkHCVgfsteTZLG3FrbV,20,['austrian jazz'],Rudi Wilfer,16
3Lid0i0GcNkI3JcqOKVQ1h,107,[],Tauchen,23
2Pnn8Lmoquv3FsTz96meJo,14,[],Richard Österreicher,11
01Y0iEnkYUFrKBnAuOCv7Q,6371,['austropop'],Ambros,21
33efc063lJ6SDlp6hGCV1b,1869,['audiophile vocal'],Ian Shaw,26
2raahe5HKL8Fd4H03JP9es,5473,"['croatian pop', 'croatian rock', 'yugoslav rock']",Aerodrom,32
3XPrWkMPiwY0ZgyaF9ttf4,594,[],Safet Isovic,27
4wHkXW0YL5E1xFKyGKvpb5,3,[],Eva Oskera,14
6954hAhJVFELmb7rH5QjeX,2040,['german reggae'],Wally Warning,28
5Y9q3CBPhPwRBbuJj5TP62,362,[],Alen Slavica,25
10PYJnaYTzQwrr7ZlV9aMI,4,[],Beatrix Neundlinger,17
3uPn6mx1q2gmMsGtfebqbi,0,[],Erich Meixner,17
0fsmPQrj8CDPteLjH6jAF8,0,[],Alfred Winter,15
3zQ3WSC2TN1zYwj86rQdwE,12,[],Angela Berann,15
2iSAwEBz0JwGMw17XRSXiy,0,[],Herbert Tampier,15
65FPzJQHdaS0wwzEYgCSIg,14,[],Lena Rothstein,15
7ewnh2MTcg4essqHIIcCF0,1,[],Schurli Herrnstadt,15
090b34nCQAmpCcYD513ZoP,520,['kabarett'],Lukas Resetarits,21
0IS139XlxgrUtELabpXCXU,0,[],Tatjana Armand,15
0xEo4m46co9IGYyLQ5gRjp,5037,"['yugoslav new wave', 'yugoslav rock']",Oliver Mandic,31
1Nmpo6wjNmBFScp8x1W0Ju,19,[],Christer Modig,30
3xFLWu0BzO1O5ba9QduoVN,1114,['austropop'],Johann K.,19
66VRTkNitjm9sdfEGWbkYR,3156,['austropop'],Drahdiwaberl,22
6tABMXblSHdJq8tV4hMBK3,4310,"['narodna muzika', 'sevdah']",Milance Radosavljevic,29
1aU6ie4Y2CqztAGsLSYwY2,2,[],Zipflo Weinrich Quartet,14
1PscH7644ANKkFBSIJwkHt,5760,"['narodna muzika', 'sevdah']",Seki Turkovic,28
2hsfMVRNtSWtZWLVfgqQGD,37,[],Boris Granich,30
7mU7GZdZcudkj1cF5RFoUO,5771,"['croatian pop', 'yugoslav rock']",Boris Novković,34
49SoDlGDK5SmoU7EUmLF8J,7083,"['croatian pop', 'yugoslav rock']",Doris Dragović,37
40GGIb7qIrskWYK2JHpyZH,7954,"['sevdah', 'turbo folk']",Marta Savic,30
6g8YpfKcaGGCBZlUpIrLhB,849,[],Bayaman'Sissdem,32
31FAK36QTqQYOtoD0VsEcS,5,[],Das Oberkrainer Echo,16
1TQRWNQjkYhUnhZ5y6c22o,1430,"['narodna muzika', 'sevdah', 'yugoslav rock']",Nervozni Postar,30
7yFvfvcZ9L9joFdD2ALKJI,3336,"['narodna muzika', 'sevdah']",Ado Gegaj,29
2mCZFfl9SXeb219eBUv3Tb,3,[],Rudi Luksch,20
1tBwGmDKbqKt2jV4HbL102,0,[],Marika Sobotka,18
7dfj7RIEZ4np5RZdH3kvSK,367,[],Horst Chmela,19
2Jd9XOQzHPFvSFQ9B3divW,20740,"['croatian pop', 'yugoslav rock']",Gibonni,40
5qDF2llrbUP7mxxdBQs6D3,418,['austrian jazz'],Karl Ratzer,19
3Agtd9uqhZ8kVMME62fvCo,0,[],Herbert Rimpl,18
